"id","url","h1_count","h2_count","div_count","iframe_count","a_count","img_count","span_count","button_count","input_count","form_count","script_count","meta_count","link_count","style_count","text_longer_than_100_characters_count","http_references","https_references","total_code_length","p_count"
"1","https://edition.cnn.com/2021/09/06/asia/taliban-afghanistan-pregnant-policewoman-murder-intl/index.html","1","0","427","4","273","5","89","47","39","2","66","44","61","16","24","1","43","1410921","29"
"2","https://edition.cnn.com/2021/09/06/americas/columbus-statue-indigenous-woman-mexico-city-cec/index.html","1","0","427","4","277","7","89","47","39","2","67","44","61","16","17","1","47","1412032","29"
"3","https://edition.cnn.com/2021/09/06/entertainment/stanley-tucci-cancer/index.html","1","1","441","4","269","6","90","48","39","2","74","44","63","16","14","2","45","1698246","30"
"4","https://edition.cnn.com/2021/09/06/world/perseverance-rover-mars-sample-helicopter-scn/index.html","1","1","477","4","278","14","91","48","39","2","77","44","63","15","28","1","44","1580112","30"
"5","https://edition.cnn.com/2021/09/06/asia/tse-chi-lop-sunblock-intl-hnk-dst/index.html","1","0","445","4","292","12","87","47","39","2","64","44","62","15","94","1","61","1442408","28"
"6","https://www.foxnews.com/media/the-legacy-of-9-11-how-the-attacks-changed-us-forever","1","1","128","4","284","5","9","0","3","1","55","49","34","8","7","4","268","106652","27"
"7","https://www.foxnews.com/live-news/afghanistan-kabul-taliban-crisis","2","16","210","3","295","9","20","0","4","2","70","57","28","2","58","0","62","140410","104"
"8","https://www.foxnews.com/sports/bucs-cowboys-week-1-nfl-2021","1","1","209","3","288","17","47","2","2","1","56","49","35","7","6","2","277","110771","26"
"9","https://www.foxnews.com/media/washington-post-reporter-postal-service-exemption-biden-vaccine-mandate","1","1","109","6","275","3","9","0","3","1","57","49","34","8","7","2","261","94418","15"
"10","https://www.foxnews.com/entertainment/steve-buscemi-911-post-traumatic-stress-disorder","1","1","143","3","292","9","16","0","2","1","55","49","34","8","10","3","269","99520","16"
"11","https://www.foxnews.com/politics/rnc-announces-intention-to-sue-biden-admin-over-vaccine-mandates","1","1","139","4","281","8","13","0","3","1","54","49","34","8","9","2","259","98349","19"
"12","https://www.foxnews.com/politics/biden-xi-china-guardrails","1","5","179","3","281","10","15","0","3","1","55","49","34","8","34","2","259","119790","44"
"13","https://www.foxnews.com/sports/bucs-cowboys-black-national-anthem","1","1","187","3","279","13","43","2","2","1","57","49","35","7","6","2","268","97549","15"
"14","https://www.foxnews.com/politics/pelosi-200-million-san-francisco-presidio-park-congress","1","1","161","7","286","9","15","0","3","1","57","49","34","8","16","2","264","113570","30"
"15","https://www.foxnews.com/politics/biden-plan-for-forced-vaccinations-doesnt-include-illegal-immigrants","1","1","137","3","281","7","13","0","3","1","55","49","34","8","7","2","259","97673","17"
"16","https://www.foxnews.com/politics/klain-vaccine-coronvirus-mandate","1","2","151","6","283","9","14","0","3","1","57","49","34","8","10","3","260","106190","22"
"17","https://www.bbc.com/news/av/technology-58488235","1","3","269","1","109","31","232","4","0","0","47","22","4","3","1","1","55","270758","25"
"18","https://www.bbc.com/news/av/world-asia-india-58498881","1","3","233","1","103","25","198","4","0","0","47","22","4","3","3","0","54","243669","23"
"19","https://www.bbc.com/news/world-asia-58495112","1","8","357","0","118","21","185","5","0","0","55","30","5","3","27","0","69","257025","77"
"20","https://www.bbc.com/news/world-asia-58502199","1","13","345","0","117","17","182","5","0","0","55","30","5","3","30","0","71","245940","66"
"21","https://www.bbc.com/news/world-asia-58477131","1","6","250","0","83","20","94","5","0","0","50","30","5","3","60","0","61","247918","80"
"22","https://www.bbc.com/news/av/world-us-canada-58509703","1","3","245","1","110","27","215","4","0","0","47","22","4","3","1","0","54","253378","21"
"23","https://www.bbc.com/news/uk-58507436","1","9","322","1","126","24","175","6","0","0","58","30","5","3","22","0","71","231293","57"
"24","https://www.bbc.com/news/world-asia-china-58511173","1","9","321","1","114","24","170","5","0","0","58","30","5","3","22","0","66","229033","59"
"25","https://www.bbc.com/news/science-environment-58507100","1","8","314","0","113","21","180","5","0","0","55","30","5","3","17","0","69","242000","62"
"26","https://www.bbc.com/news/world-europe-58510192","1","8","265","0","111","24","168","5","0","0","55","30","5","3","8","0","63","206068","41"
"27","https://www.bbc.com/sport/tennis/58511033","5","69","1659","11","250","27","642","197","93","2","170","24","21","52","69","2","89","2071849","90"
"28","https://www.zerohedge.com/markets/biden-exempts-over-600000-usps-workers-federal-mandatory-vaccination-order","5","236","1127","14","471","12","1050","149","346","2","51","34","40","1","11","27","26","485998","47"
"29","https://stackoverflow.com/questions/10195139/how-to-retrieve-sql-result-column-value-using-column-name-in-python","2","3","908","3","436","23","542","53","25","2","22","27","11","2","19","3","259","324695","30"
"30","https://www.intouchweekly.com/posts/kylie-jenner-reacts-to-swimwear-lines-disastrous-reception/","1","62","387","5","211","68","137","56","28","3","48","30","27","19","20","3","223","545527","39"
"31","https://www.intouchweekly.com/posts/will-jacob-roloff-and-isabel-rock-buy-roloff-farms-she-reacts/","1","32","349","5","159","41","177","56","28","3","48","30","27","19","25","3","171","435989","41"
"32","https://www.intouchweekly.com/posts/justin-duggar-and-wife-claire-spivey-buy-texas-home-amid-drama/","1","62","382","5","230","69","138","56","28","3","48","30","27","19","19","3","242","538259","44"
"33","https://www.intouchweekly.com/posts/megan-foxs-dating-history-brian-austin-green-machine-gun-kelly/","1","36","388","5","167","42","194","56","28","3","49","30","26","19","26","3","178","455180","56"
"34","https://www.intouchweekly.com/posts/who-is-mickey-guytons-husband-what-to-know-about-grant-savoy/","1","67","388","5","206","68","139","56","28","3","49","30","28","19","21","3","219","547020","36"
"35","https://www.intouchweekly.com/posts/brittany-murphy-parents-learn-about-sharon-murphy-angelo-bertolotti/","1","36","343","5","146","39","164","56","28","3","46","30","26","19","23","3","158","395886","40"
"36","https://www.intouchweekly.com/posts/90-day-fiance-where-is-fernanda-from-mexico-roots/","1","62","380","5","211","67","137","56","28","3","51","30","28","19","20","3","223","568537","37"
"37","https://www.intouchweekly.com/posts/braless-photos-of-the-kardashian-jenner-women-kim-kylie-more/","1","48","481","5","196","53","254","56","28","3","49","30","26","19","23","3","207","496395","87"
"38","https://www.intouchweekly.com/posts/must-haves/3-eco-friendly-essentials-that-will-change-your-routine/","1","65","379","4","198","68","136","56","28","3","45","30","26","19","19","7","206","491299","35"
"39","https://www.intouchweekly.com/posts/gabby-petitos-mom-slams-brians-lawyers-strangulation-comment/","1","62","402","5","213","69","165","56","28","3","49","30","28","19","23","3","226","541296","40"
"40","https://www.intouchweekly.com/posts/wendy-williams-brother-tommy-gives-update-on-her-health/","1","32","349","5","148","40","159","56","28","3","48","30","27","19","23","3","160","431890","39"
"41","https://people.com/celebrity/star-tracks-wednesday-october-13-2021/","1","224","4013","7","1009","488","3023","356","11","2","73","36","34","5","141","6","875","2305821","215"
"42","https://people.com/tv/howie-mandel-home-doing-better-after-fainting/","2","17","637","16","306","88","343","48","13","2","76","37","36","5","29","6","277","1029668","41"
"43","https://people.com/food/rachael-ray-says-shes-grateful-for-being-alive-after-house-fire-and-apartment-flood/","2","17","666","14","317","90","342","49","13","2","74","37","36","5","41","6","288","1101539","50"
"44","https://people.com/tv/netflix-you-renewed-season-four/","2","17","625","11","311","87","346","50","11","2","73","36","36","4","20","7","281","656886","39"
"45","https://people.com/crime/larry-miller-chairman-of-jordan-brand-opens-up-about-killing-a-man-as-a-teenager/","2","16","619","13","296","82","338","47","11","2","72","36","38","4","44","7","268","1075532","50"
"46","https://people.com/tv/emma-kenney-claims-shameless-set-became-a-more-positive-place-after-emmy-rossum-exit/","2","17","720","9","317","103","352","50","17","2","73","39","34","5","22","7","285","556328","48"
"47","https://people.com/parents/matt-damon-says-he-knew-every-word-at-harry-styles-concert-with-daughters/","2","17","653","16","308","93","345","49","16","2","74","38","36","5","36","6","278","537649","38"
"48","https://people.com/home/the-dark-history-behind-brittany-murphys-home-plus-what-happened-to-it-after-she-died-there/","1","17","628","7","296","106","328","52","15","2","73","38","34","5","36","6","267","541800","37"
"49","https://people.com/tv/rhobh-reunion-erika-girardi-says-show-is-her-main-source-of-income/","2","17","698","11","320","97","351","50","15","2","74","38","36","5","28","7","290","635918","48"
"50","https://people.com/tv/howie-mandel-rushed-to-hospital-after-fainting-report/","2","17","608","5","307","83","342","48","11","2","74","36","36","5","23","6","278","526877","42"
"51","https://people.com/country/clint-black-lisa-hartman-black-celebrate-30-year-wedding-anniversary/","1","17","578","10","298","97","325","47","11","2","68","36","34","4","46","6","266","476128","41"
"52","https://people.com/tv/katie-couric-on-being-shocked-by-matt-lauer-behavior-seemed-so-callous/","1","17","620","10","315","109","339","50","13","2","72","37","34","5","30","7","282","535153","39"
"53","https://people.com/parents/me-becoming-mom-podcast-how-to-listen/","2","17","628","14","305","87","343","48","13","2","79","37","38","5","32","6","278","1122206","35"
"54","https://people.com/tech/apple-airpods-pro-early-holiday-2021-sale-amazon/","1","17","526","3","313","101","329","47","11","2","67","35","33","3","27","6","282","477633","20"
"55","https://people.com/sports/amazon-sports-fanshop-merchandise/","1","18","649","3","360","117","353","54","11","2","66","35","33","3","26","6","319","540688","25"
"56","https://people.com/parents/katharine-mcphee-takes-village-to-raise-baby-exclusive/","1","17","557","7","304","101","328","47","11","2","68","36","34","4","39","6","272","474318","27"
"57","https://people.com/lifestyle/best-weekend-sales-8-october-2021/","1","24","774","3","367","149","361","43","11","2","66","35","33","3","28","6","328","533566","30"
"58","https://people.com/lifestyle/amazon-kn95-face-mask-deals-october-2021/","1","16","531","3","320","101","329","47","11","2","66","35","33","3","28","6","289","484431","22"
"59","https://people.com/lifestyle/philips-sonicare-electric-toothbrush-deal-amazon-october-2021/","1","16","526","3","306","98","327","46","11","2","66","35","33","3","31","6","275","473931","24"
"60","https://people.com/lifestyle/evolvetogether-kn95-face-masks-restock/","1","16","534","3","313","101","331","48","11","2","66","35","33","3","26","6","282","478371","21"
"61","https://people.com/home/luxclub-bamboo-sheets-deal-early-holiday-sale-2021-amazon/","2","18","762","7","379","160","471","49","11","2","67","35","33","3","57","6","343","621762","27"
"62","https://people.com/lifestyle/amazon-prime-member-deals-october-2021/","1","17","583","3","336","111","341","54","12","2","66","35","33","3","30","6","304","519409","26"
"63","https://people.com/home/ynm-weighted-blanket-sale-amazon/","2","18","757","7","380","157","470","48","11","2","69","35","35","3","57","6","346","615215","28"
"64","https://www.usmagazine.com/entertainment/pictures/bachelor-in-paradise-couples-that-are-still-together-pics/","1","0","355","6","131","43","196","53","24","0","58","35","29","6","20","0","147","449720","49"
"65","https://www.usmagazine.com/entertainment/news/cheryl-burke-calls-out-harsh-dwts-judges-amid-covid-recovery/","1","0","352","6","134","43","196","53","24","0","56","35","30","6","22","0","152","395601","52"
"66","https://www.usmagazine.com/entertainment/pictures/matt-damon-and-ben-afflecks-bromance-2012279/","1","0","355","6","128","43","196","53","24","0","58","35","29","6","21","0","144","476717","49"
"67","https://www.usmagazine.com/entertainment/news/pieper-james-is-dating-brendan-morais-still-questioning-his-actions/","1","0","353","6","133","44","197","53","24","0","55","34","29","6","26","0","150","403157","50"
"68","https://www.usmagazine.com/entertainment/news/dwts-jojo-siwa-details-extreme-personal-problem-amid-disney-week/","1","0","353","6","136","44","198","53","24","0","56","34","30","6","20","0","154","398206","53"
"69","https://www.usmagazine.com/entertainment/news/jesse-palmer-seemingly-confirms-clayton-echard-is-season-26-bachelor/","1","0","349","6","137","43","196","53","24","0","55","34","29","6","22","0","154","395688","52"
"70","https://www.usmagazine.com/entertainment/pictures/bridgerton-season-2-everything-we-know-so-far/","1","0","355","7","130","43","197","53","24","0","58","35","29","6","19","0","146","507462","51"
"71","https://www.usmagazine.com/entertainment/pictures/sister-wives-season-16-everything-to-know/","1","0","355","6","129","43","196","53","24","0","58","35","29","6","19","6","139","415576","49"
"72","https://www.usmagazine.com/entertainment/news/kyle-richards-rhobh-reunion-and-michael-myers-are-terrifying/","1","0","353","6","142","44","198","53","24","0","56","34","30","6","20","0","160","401665","51"
"73","https://www.usmagazine.com/entertainment/pictures/game-of-thrones-prequel-series-everything-we-know/","1","0","355","6","131","43","196","53","24","0","58","35","29","6","18","0","147","436910","51"
"74","https://www.usmagazine.com/entertainment/pictures/ivan-hall-shares-new-bachelor-in-paradise-secrets/","1","0","355","6","129","43","196","53","24","0","58","34","29","6","23","0","145","420588","52"
"75","https://www.usmagazine.com/entertainment/news/kenya-moore-thought-she-broke-her-ribs-during-dwts-disney-week/","1","0","353","6","136","44","198","53","24","0","56","34","30","6","24","0","154","397979","51"
"76","https://www.usmagazine.com/entertainment/pictures/stranger-things-season-4-everything-we-know-so-far/","1","0","355","6","131","43","196","53","24","0","58","35","29","6","20","0","147","435749","53"
"77","https://www.usmagazine.com/entertainment/news/rhobh-provided-a-lot-of-evidence-against-erika-jayne-lawyer-says/","1","0","352","6","133","43","195","53","24","0","56","34","30","6","25","0","151","399222","50"
"78","https://www.usmagazine.com/entertainment/pictures/scream-5-everything-we-know-about-the-upcoming-slasher-film/","1","0","355","6","128","43","196","53","24","0","58","35","29","6","18","0","144","441611","51"
"79","https://www.usmagazine.com/entertainment/news/dwts-fans-react-to-matt-james-lindsay-arnolds-confusing-exit/","1","0","350","6","146","44","198","53","24","0","55","35","29","6","20","0","163","398793","52"
"80","https://www.usmagazine.com/entertainment/pictures/greys-anatomy-scott-speedman-returns-full-time-after-season-14-role/","1","0","355","6","129","43","196","53","24","0","59","35","29","6","21","0","145","432282","53"
"81","https://www.usmagazine.com/entertainment/pictures/rhobh-season-11-reunion-erika-jayne-revelations/","1","0","355","6","127","43","196","53","24","0","58","35","29","6","21","0","143","425889","47"
"82","https://www.usmagazine.com/stylish/news/these-5-fits-will-give-you-an-instant-boost-of-confidence/","1","0","349","4","171","45","205","53","24","0","53","34","30","6","18","57","133","367892","84"
"83","https://www.usmagazine.com/stylish/news/kate-middleton-rewears-green-erdem-coat-at-generation-earthshot-event/","1","0","351","6","127","44","216","53","24","0","55","34","32","6","27","0","147","395826","47"
"84","https://www.usmagazine.com/stylish/pictures/olivia-wilde-is-absolutely-in-favor-of-freeing-the-nipple/","1","0","361","6","134","42","204","53","24","0","58","35","32","6","19","0","153","421576","49"
"85","https://www.usmagazine.com/stylish/pictures/brielle-biermanns-hottest-bikini-moments-pics/","1","0","360","5","126","41","195","53","24","0","56","35","31","6","23","0","144","440805","48"
"86","https://www.usmagazine.com/stylish/news/jamie-lee-curtis-honors-late-mom-in-psycho-costume-for-halloween-kills-premiere/","1","0","375","6","131","43","214","53","24","0","54","34","31","6","24","0","150","367212","51"
"87","https://www.thesun.co.uk/news/16413005/salt-bae-accused-of-deleting-reviews/","1","4","296","2","119","37","98","0","3","2","67","34","30","6","17","3","90","152107","33"
"88","https://www.thesun.co.uk/news/16388567/euromillions-results-lottery-lotto-uk-jackpot-draw-numbers-ticket/","1","4","368","4","163","41","136","1","3","2","74","34","35","6","70","3","112","356254","115"
"89","https://www.thesun.co.uk/fabulous/16405482/royal-family-latest-news-meghan-harry-queen-net-worth/","1","4","363","4","176","36","135","1","3","2","74","34","36","6","69","3","123","373190","136"
"90","https://www.thesun.co.uk/fabulous/16319730/meghan-markle-prince-harry-latest-news-net-worth-archie/","1","4","365","4","178","36","135","1","3","2","74","34","36","6","70","3","126","369583","138"
"91","https://www.thesun.co.uk/news/16414420/norway-bow-and-arrow-death-toll-kongsberg-terror-video/","1","4","370","4","136","38","141","1","3","2","74","34","36","6","52","3","83","292962","87"
"92","https://www.thesun.co.uk/tech/16416811/instagram-down-latest-login-app-not-working-snapchat-facebook/","1","5","354","6","147","33","128","1","3","2","75","34","38","6","41","3","101","276941","85"
"93","https://www.thesun.co.uk/tv/16393522/strictly-come-dancing-latest-robert-webb-katie-mcglynn/","1","4","367","4","175","39","135","1","3","2","74","34","35","6","71","3","119","358525","126"
"94","https://www.thesun.co.uk/tv/16411710/im-a-celebrity-change-new-series/","1","4","328","3","120","42","111","0","3","2","68","34","31","6","6","3","83","155258","19"
"95","https://www.thesun.co.uk/health/16415806/gps-name-and-shame-list-nhs/","1","5","298","2","114","35","91","0","3","2","67","34","30","6","28","3","88","147971","44"
"96","https://www.thesun.co.uk/health/16411985/online-calculator-predicts-risk-catching-incurable-stis-uk/","1","6","341","2","127","42","112","0","3","2","67","34","32","6","23","4","86","162413","43"
"97","https://www.thesun.co.uk/news/16413248/meghan-harry-know-zero-finance-new-banking-job/","1","4","331","2","124","42","113","0","3","2","67","34","30","6","15","5","84","160009","27"
"98","https://www.thesun.co.uk/sport/betting-tips/15530745/sun-bingo-welcome-offer-bonus-free-spins-join/","1","5","316","2","122","39","100","0","3","2","67","34","28","6","3","5","85","149501","16"
"99","https://www.dailymail.co.uk/news/article-10089787/Leading-transport-firm-quits-Road-Haulage-Association-row-lorry-driver-crisis-escalates.html","1","3","454","7","598","805","990","15","7","1","77","81","49","23","429","1","50","1254932","37"
"100","https://www.dailymail.co.uk/news/article-10089745/STEPHEN-GLOVER-potty-Europe-blame-supply-woes-Brexit.html","1","5","267","4","324","383","495","7","10","1","73","72","48","23","224","1","50","1003143","66"
"101","https://www.dailymail.co.uk/news/article-10090703/Spike-gas-prices-continue-winter-Jim-Ratcliffe-predicts.html","1","3","393","5","602","811","973","13","10","1","77","72","49","23","447","1","50","1251113","60"
"102","https://www.dailymail.co.uk/news/article-10091177/Poll-finds-60-working-age-Brits-cut-spending-amid-cost-living-crisis.html","1","3","290","3","596","807","951","11","8","1","74","59","49","23","434","1","50","1215477","41"
"103","https://www.dailymail.co.uk/news/article-10089119/Gas-price-crisis-claims-Pure-Planet-Colorado-Energy-cease-trading.html","1","3","562","9","604","810","1015","17","9","1","79","90","49","23","453","1","50","1289963","69"
"104","https://www.dailymail.co.uk/news/article-10090915/Rishi-Sunak-says-confident-gifts-tree-Christmas.html","1","3","784","9","645","861","1043","17","35","1","82","90","49","23","521","1","56","1404524","160"
"105","https://www.dailymail.co.uk/news/article-10091175/Priti-Patel-plans-grant-officers-immunity-Channel-migrants-drown-turnback-operation.html","1","3","483","7","609","809","996","15","9","1","79","81","49","23","475","1","50","1280963","88"
"106","https://www.dailymail.co.uk/news/article-10091219/Sajid-Javid-apologises-governments-Covid-failures.html","1","3","306","3","603","810","951","11","10","1","75","59","49","23","445","1","50","1228643","52"
"107","https://www.dailymail.co.uk/sciencetech/article-10091147/Three-network-crashes-UK.html","1","4","359","5","424","407","625","9","11","1","80","72","50","22","229","2","80","1057592","61"
"108","https://www.dailymail.co.uk/femail/article-9978581/Starpowa-brave-women-share-health-stories.html","1","1","222","2","552","761","888","5","11","1","75","59","50","22","397","3","66","1175692","73"
"109","https://www.dailymail.co.uk/tvshowbiz/article-10091273/George-Clooney-60-looks-dapper-grey-suit-leads-glamorous-wife-Amal-43-hotel.html","1","9","671","8","245","109","224","10","21","0","77","90","49","22","46","0","73","1002818","128"
"110","https://www.dailymail.co.uk/tvshowbiz/article-10090333/Victoria-Beckham-finally-reveals-David-Beckham-wore-matching-outfits-lot-talk-show.html","1","8","436","3","647","854","968","8","18","1","81","59","52","23","445","0","77","1286652","92"
"111","https://www.dailymail.co.uk/tvshowbiz/article-10090753/Beyonce-puts-busty-display-low-cut-halter-gown-stunning-snaps-posted-Instagram.html","1","8","762","9","657","870","1045","14","25","1","85","90","52","23","456","0","77","1376693","95"
"112","https://www.dailymail.co.uk/tvshowbiz/article-10090983/Ewan-McGregors-daughter-Clara-discusses-tranquiliser-addiction-mental-health-abortion-ordeal.html","1","3","475","5","613","835","991","10","19","1","79","72","52","23","459","0","59","1292403","76"
"113","https://www.dailymail.co.uk/tvshowbiz/article-10090707/Leni-Klum-17-model-daughter-accompanies-dad-Seal-Harder-Fall-premiere-LA.html","1","3","281","2","159","49","102","4","21","0","67","59","49","22","25","0","52","878613","53"
"114","https://www.dailymail.co.uk/news/article-10090871/Plumber-45-fears-lose-home-judge-ruled-Ring-camera-breached-neighbours-privacy.html","1","9","269","2","159","42","103","7","18","0","68","59","48","22","81","0","50","884334","105"
"115","https://www.dailymail.co.uk/news/article-10091051/Norway-bow-arrow-attacker-convert-Islam.html","1","3","609","8","212","82","220","13","20","0","74","90","48","22","100","0","52","985437","147"
"116","https://www.wsj.com/articles/gas-shortage-forces-power-plants-to-switch-to-oil-boosting-demand-11634200084?mod=hp_lead_pos2","1","6","264","7","82","17","72","14","0","0","83","95","64","7","1","0","136","640434","5"
"117","https://www.wsj.com/articles/us-inflation-consumer-price-index-september-2021-11634074529?mod=hp_lead_pos3","1","6","313","9","83","18","75","21","0","0","84","99","64","7","3","0","137","651739","5"
"118","https://www.wsj.com/articles/l-a-port-to-operate-around-the-clock-to-ease-cargo-logjams-white-house-says-11634115601?mod=hp_lead_pos4","1","6","317","9","86","18","79","23","0","0","85","98","64","7","2","0","138","656421","5"
"119","https://www.wsj.com/articles/johnson-johnson-covid-19-booster-shot-bolsters-immune-defense-fda-staff-say-11634137515?mod=hp_lead_pos6","1","6","324","9","92","18","83","23","0","0","87","99","65","7","3","0","147","665929","5"
"120","https://www.wsj.com/articles/covid-19-vaccine-mandate-fight-between-texas-and-biden-has-companies-caught-in-the-middle-11634073605?mod=hp_lead_pos7","1","6","326","9","94","18","85","23","0","0","88","99","65","7","2","0","147","669108","5"
"121","https://www.wsj.com/articles/gymnastics-stars-call-for-ouster-of-u-s-olympic-directors-11634160090?mod=hp_lead_pos12","1","6","322","9","90","18","82","21","0","0","86","96","65","7","4","0","145","663417","5"
"122","https://www.wsj.com/articles/effort-to-bar-tech-companies-from-self-preferencing-gains-traction-11634202000?mod=hp_lead_pos11","1","6","264","7","81","17","72","14","0","0","83","92","64","7","4","0","135","640663","5"
"123","https://www.wsj.com/articles/bow-arrow-attack-norway-kongsberg-11634159197?mod=hp_lead_pos13","1","6","264","7","81","17","72","14","0","0","83","93","64","7","2","0","135","636267","5"
"124","https://www.wsj.com/articles/u-s-canada-borders-full-opening-in-november-spurs-travel-plans-11634164800?mod=hp_featst_pos4","1","6","268","7","86","17","76","16","0","0","83","96","64","7","3","0","138","642571","5"
"125","https://www.wsj.com/articles/jon-gruden-emails-dan-snyder-bruce-allen-11634167159?mod=hp_featst_pos5","1","6","268","7","86","17","76","16","0","0","83","95","64","7","2","0","138","643051","5"
"126","https://www.wsj.com/articles/netflix-employee-group-calls-for-walkout-amid-tensions-over-dave-chappelle-show-11634169211?mod=hp_featst_pos3","1","6","264","7","82","17","72","14","0","0","83","94","64","7","4","0","136","641069","5"
"127","https://www.wsj.com/articles/apple-studying-potential-of-airpods-as-health-device-11634122800?mod=hp_lista_pos3","1","6","266","7","82","17","72","14","0","0","83","95","64","7","2","0","135","641041","5"
"128","https://www.wsj.com/articles/jpmorgan-profit-jumps-on-reserve-release-11634123662?mod=hp_lista_pos2","1","6","264","7","84","17","72","14","0","0","83","96","64","7","2","0","138","639340","5"
"129","https://www.wsj.com/articles/elizabeth-holmes-trial-retailers-vetted-theranos-without-testing-devices-11634164818?mod=hp_lista_pos1","1","6","264","7","82","17","72","14","0","0","83","95","64","7","4","0","136","641580","5"
"130","https://www.wsj.com/articles/australian-miner-places-2-billion-copper-bet-on-green-energy-transition-11634195429?mod=hp_lista_pos4","1","6","264","7","81","17","72","14","0","0","83","92","64","7","4","0","135","642583","5"
"131","https://www.nytimes.com/2021/10/14/world/europe/norway-bow-and-arrow-attack.html","1","1","132","12","46","1","29","12","5","1","68","64","22","6","19","1","45","388536","31"
"132","https://www.nytimes.com/2021/10/13/us/politics/jeffrey-clark-subpoena.html","2","7","240","11","92","11","46","21","10","2","74","70","28","6","10","2","70","414610","35"
"133","https://www.nytimes.com/live/2021/10/14/business/news-business-stock-market","2","7","134","4","60","1","50","19","0","0","58","45","16","6","19","1","55","389667","40"
"134","https://www.nytimes.com/2021/10/13/movies/selma-blair-documentary-multiple-sclerosis.html","1","2","229","11","60","3","54","17","5","1","69","68","22","6","45","1","52","514416","64"
"135","https://www.nytimes.com/2021/10/14/world/asia/taiwan-apartment-fire.html","1","1","163","12","51","3","38","14","5","1","68","64","22","6","14","1","50","412161","26"
"136","https://www.nytimes.com/2021/10/13/sports/football/jon-gruden-nfl-endorsements.html","2","3","168","10","62","8","50","18","10","2","74","72","26","7","15","1","64","401756","30"
"137","https://www.nytimes.com/article/uk-northern-ireland-protocol-eu.html","1","8","188","12","55","2","40","15","5","1","69","66","22","6","26","1","53","455518","38"
"138","https://www.nytimes.com/2021/10/13/climate/biden-offshore-wind-farms.html","1","2","125","12","50","2","27","15","5","1","71","70","22","6","14","1","47","338267","23"
"139","https://www.nytimes.com/2021/10/13/upshot/of-four-family-policies-in-democrats-bill-which-is-most-important.html","1","6","164","12","68","2","36","16","5","1","71","71","22","6","16","1","63","480461","51"
"140","https://www.nytimes.com/2021/10/14/opinion/covid-human-challenge-trial.html","1","1","117","12","66","1","19","11","5","1","69","66","22","6","13","2","61","391155","36"
"141","https://www.nytimes.com/2021/10/13/business/social-security-cola.html","1","2","134","12","70","1","39","11","5","1","68","73","22","8","15","1","68","403021","33"
"142","https://www.nytimes.com/2021/10/13/business/economy/september-2021-cpi-inflation.html","1","3","199","13","66","2","55","17","5","1","74","70","22","8","27","1","59","458339","46"
"143","https://www.nytimes.com/live/2021/10/14/world/covid-delta-variant-vaccine","1","6","161","8","86","9","71","17","0","0","68","45","35","8","27","2","99","661888","54"
"144","https://www.nytimes.com/2021/10/13/us/black-americans-vaccine-tuskegee.html","1","3","230","12","69","1","63","23","5","1","70","67","22","8","33","1","62","503646","47"
"145","https://www.nytimes.com/2021/10/12/sports/hockey/nhl-ovechkin-capitals-gretzky-goals.html","1","1","161","12","47","2","38","14","5","1","72","65","22","6","19","1","46","392101","31"
"146","https://www.huffpost.com/entry/house-committee-subpoenas-trump-justice-department-ally-jeffrey-clark_n_61674d57e4b0f26084efdf01","1","16","354","4","150","30","25","14","2","1","74","37","6","10","9","0","92","299747","18"
"147","https://www.huffpost.com/entry/republican-trump-lost-billboard_n_6167d961e4b0fcd00f99e84b","1","15","334","8","148","26","25","14","2","1","76","37","6","10","4","0","90","296019","14"
"148","https://www.huffpost.com/entry/10000-john-deere-workers-go-on-strike_n_61671f4ce4b065a5496f1f23","1","15","336","3","146","27","42","14","2","1","71","38","6","9","16","0","88","292784","22"
"149","https://www.huffpost.com/entry/lauren-boebert-guns-norway_n_6167cd22e4b0f26084f0646a","1","16","366","18","150","29","24","14","2","1","85","38","6","10","3","0","92","313488","8"
"150","https://www.huffpost.com/entry/washington-post-editorial-board-republicans-vaccine-mandates_n_6167e0eae4b065a54970178a","1","16","333","4","152","29","24","14","2","1","72","38","6","10","5","0","94","298181","11"
"151","https://www.huffpost.com/entry/ted-sarandos-netflix-dave-chappelle-defense_n_6167bc41e4b0d3f507c74320","1","16","332","7","155","26","23","14","2","1","74","37","6","9","4","0","98","298248","13"
"152","https://www.huffpost.com/entry/hollywood-workers-union-strike_n_61671443e4b0f26084ef8a58","1","15","327","4","143","26","32","14","2","1","72","38","6","9","9","0","86","291985","13"
"153","https://www.huffpost.com/entry/fox-news-early-war-on-christmas-biden_n_6167c1f2e4b065a5496fda24","1","15","367","19","153","26","24","14","2","1","87","37","6","10","6","0","95","312133","14"
"154","https://www.huffpost.com/entry/seth-meyers-tucker-carlson-fox-news-impression_n_6167d6aae4b0f26084f07384","1","16","339","5","150","29","23","14","2","1","75","38","6","9","4","0","93","298505","10"
"155","https://www.huffpost.com/entry/jimmy-kimmel-ted-cruz-halloween_n_6167b250e4b0f26084f03f20","1","15","322","5","148","26","24","14","2","1","74","37","6","9","1","0","91","291141","9"
"156","https://www.huffpost.com/entry/chihuahua-airport-luggage_n_6167af62e4b0f3be08de935a","1","15","329","5","143","26","23","14","2","1","73","37","6","10","5","0","86","290312","11"
"157","https://www.huffpost.com/entry/brad-parscale-jim-renacci-ohio_n_61661694e4b0f3be08dbf05b","1","15","343","3","156","25","84","14","2","1","73","36","6","10","24","0","98","297510","32"
"158","https://www.huffpost.com/entry/norway-bow-arrow-attack_n_616735f1e4b065a5496f46e1","1","14","322","4","132","26","23","14","2","1","73","36","6","9","11","0","75","285630","13"
"159","https://www.huffpost.com/entry/white-house-offshore-wind-farms_n_6167846fe4b0f26084f0178b","1","16","358","7","154","31","25","14","2","1","76","37","6","10","7","0","96","302531","16"
"160","https://www.huffpost.com/entry/lora-reinbold-covid-alaska_n_61678029e4b0fcd00f998069","1","16","330","4","153","26","27","14","2","1","73","37","6","10","4","0","95","295328","15"
"161","https://www.huffpost.com/entry/brian-laundrie-one-month-missing_n_6167289ee4b0d3f507c69cdc","1","16","372","4","156","31","25","14","2","1","74","36","6","9","8","0","99","300473","22"
